<?xml version="1.0" encoding="UTF-8"?>
<!DOCTYPE mapper PUBLIC "-//mybatis.org//DTD Mapper 3.0//EN" "https://mybatis.org/dtd/mybatis-3-mapper.dtd">

<mapper namespace="member">
	<select id="list" resultType="Member">
		SELECT * FROM member
	</select>

	<insert id="add">
		INSERT INTO member (member_id, member_name,
		member_password, member_gender, member_email, member_nickname,
		member_role, member_address, member_latitude, member_longitude,
		signup_date) VALUES
		(#{memberId},
		#{memberName},
		#{memberPassword},
		#{memberGender}, #{memberEmail},
		#{memberNickname},
		#{memberRole},
		#{memberAddress}, #{memberLatitude}, #{memberLongitude},
		#{signupDate})
	</insert>

	<update id="update">
		UPDATE member
		SET
		member_email = #{memberEmail},
		member_nickname = #{memberNickname},
		member_address = #{memberAddress},
		member_latitude = #{memberLatitude},
		member_longitude =
		#{memberLongitude}
		WHERE
		member_id = #{memberId}
	</update>

	<delete id="delete">
		DELETE FROM member
		WHERE member_id = #{memberId}
	</delete>

	<resultMap id="memberMap" type="Member">
		<id property="memberId" column="member_id" />
		<result property="memberName" column="member_name" />
		<result property="memberPassword" column="member_password" />
		<result property="memberGender" column="member_gender" />
		<result property="memberEmail" column="member_email" />
		<result property="memberNickname" column="member_nickname" />
		<result property="memberRole" column="member_role" />
		<result property="memberAddress" column="member_address" />
	</resultMap>

	<select id="item" resultType="Member">
		SELECT * FROM member
		WHERE
		member_id
		= #{memberId}
	</select>

	<select id="getPassword" resultType="String">
		SELECT member_password FROM
		member
		WHERE member_id = #{memberId}
	</select>

	<update id="updatePassword">
		UPDATE member
		SET member_password = #{encodedPassword}
		WHERE member_id = #{memberId}
	</update>

	<select id="existsMemberId" resultType="int" parameterType="string">
		SELECT COUNT(*) FROM member WHERE member_id = #{value}
	</select>

	<select id="existsNickname" resultType="int" parameterType="string">
		SELECT COUNT(*) FROM member WHERE member_nickname = #{value}
	</select>

	<select id="existsEmail" resultType="int" parameterType="string">
		SELECT COUNT(*) FROM member WHERE member_email = #{value}
	</select>

</mapper>